{
  "spawns": [
    {
      "name": "spawn",
      "location": {
        "world": "world",
        "x": -18.568499314051476,
        "y": 86.0,
        "z": -251.41659985996432,
        "pitch": 1.5000548,
        "yaw": -0.8599926
      }
    }
  ]
}